{"cameraMode":{"drawMode":0,"name":"Shaded","section":"Shading Mode"},"sceneLighting":true,"audioPlay":false,"sceneViewState":{"m_AlwaysRefresh":false,"showFog":true,"showSkybox":true,"showFlares":true,"showImageEffects":true,"showParticleSystems":true,"showVisualEffectGraphs":true,"m_FxEnabled":false},"in2DMode":false,"pivot":{"x":2.6747307777404787,"y":-0.8280305862426758,"z":18.76854705810547},"rotation":{"x":0.016353709623217584,"y":0.9607360363006592,"z":-0.27087241411209109,"w":0.058004435151815417},"size":11.756246566772461,"orthographic":false}